{
  "project_info": {
    "project_number": "48943207052",
    "firebase_url": "https://financemanagement-ea2cd.firebaseio.com",
    "project_id": "financemanagement-ea2cd",
    "storage_bucket": "financemanagement-ea2cd.appspot.com"
  },
  "client": [
    {
      "client_info": {
        "mobilesdk_app_id": "1:48943207052:android:416dcefd1f8f29dc98a1a9",
        "android_client_info": {
          "package_name": "com.example.financemanagement"
        }
      },
      "oauth_client": [
        {
          "client_id": "48943207052-qt1mom7sa16kjfp69cqr1u10ttt0igkf.apps.googleusercontent.com",
          "client_type": 3
        }
      ],
      "api_key": [
        {
          "current_key": "AIzaSyAv61weEuakAxS5ePqBMJYOJNHkVUk4E6w"
        }
      ],
      "services": {
        "appinvite_service": {
          "other_platform_oauth_client": [
            {
              "client_id": "48943207052-qt1mom7sa16kjfp69cqr1u10ttt0igkf.apps.googleusercontent.com",
              "client_type": 3
            }
          ]
        }
      }
    },
    {
      "client_info": {
        "mobilesdk_app_id": "1:48943207052:android:a5e0c627d5678d3698a1a9",
        "android_client_info": {
          "package_name": "com.example.user.financemanagement"
        }
      },
      "oauth_client": [
        {
          "client_id": "48943207052-iahsphh8dal5p1nsmrpoogi1q5796hlq.apps.googleusercontent.com",
          "client_type": 1,
          "android_info": {
            "package_name": "com.example.user.financemanagement",
            "certificate_hash": "776d8f31c35906959112a16d1032e9154201cd60"
          }
        },
        {
          "client_id": "48943207052-qt1mom7sa16kjfp69cqr1u10ttt0igkf.apps.googleusercontent.com",
          "client_type": 3
        }
      ],
      "api_key": [
        {
          "current_key": "AIzaSyAv61weEuakAxS5ePqBMJYOJNHkVUk4E6w"
        }
      ],
      "services": {
        "appinvite_service": {
          "other_platform_oauth_client": [
            {
              "client_id": "48943207052-qt1mom7sa16kjfp69cqr1u10ttt0igkf.apps.googleusercontent.com",
              "client_type": 3
            }
          ]
        }
      }
    }
  ],
  "configuration_version": "1"
}